City Tier,Total No. of orders,AOV,Total GMV,Total Population,Avg. Order Volume per Resident,No. of unique Vendors,Avg. Daily Orders per Vendor,Avg. food rating,Avg. delivery rating
Tier 1,115021.0,26.851686822406343,3088507.87,8244695.0,0.013950910251986278,74,14.225732293315113,3.7746668159928323,3.883394914149098
Tier 2,44180.0,27.239901991851518,1203458.87,6029748.0,0.007327006037399905,33,11.124674378626672,3.7082814445828145,3.853012048192771
Tier 3,73204.0,27.044361510299982,1979755.44,5872837.0,0.012464844503601922,54,12.888401178529918,3.665289256198347,3.8336150688239554
Tier 4,29603.0,28.64340708711955,847930.78,1069556.0,0.027677840150492353,29,10.852805354113457,3.596296296296296,3.897777777777778
